{
  "configurations": [
    {
      "name": "Windows",
      "includePath": [
        "${workspaceFolder}/src",                                // Dein Quell-Code
        "${workspaceFolder}/src/utils",                          // utils/ cuda_utils.hpp
        "${workspaceFolder}/src/rendering",                      // rendering/…
        "${workspaceFolder}/src/compute",                        // compute/…
        "${workspaceFolder}/src/input",                          // input/…
        "C:/vcpkg/installed/x64-windows/include",                // vcpkg-Headers
        "C:/Program Files/NVIDIA GPU Computing Toolkit/CUDA/v12.9/include",  // CUDA 12.9
        "C:/Program Files (x86)/GLFW/include",                   // falls lokal
        "C:/Program Files (x86)/glew/include"                    // falls lokal
      ],
      "defines": [
        "_DEBUG",
        "UNICODE"
      ],
      "windowsSdkVersion": "10.0.19041.0",
      "compilerPath": "C:/Program Files/Microsoft Visual Studio/2022/Community/VC/Tools/MSVC/14.44.35207/bin/Hostx64/x64/cl.exe",
      "cStandard": "c11",
      "cppStandard": "c++17",
      "intelliSenseMode": "windows-msvc-x64",
      // Wenn du CMake-Compile-Commands nutzt, kannst du sie hier einbinden:
      "compileCommands": "${workspaceFolder}/build/compile_commands.json",
      "browse": {
        "path": [
          "${workspaceFolder}/src",
          "C:/vcpkg/installed/x64-windows/include",
          "C:/Program Files/NVIDIA GPU Computing Toolkit/CUDA/v12.9/include"
        ],
        "limitSymbolsToIncludedHeaders": true,
        "databaseFilename": ""
      }
    }
  ],
  "version": 4
}
