{
  "version": 3,
  "configurePresets": [
    {
      "name": "windows-msvc",
      "generator": "Ninja",
      "binaryDir": "${sourceDir}/build",
      "cacheVariables": {
        "CMAKE_TOOLCHAIN_FILE": "${sourceDir}/vcpkg/scripts/buildsystems/vcpkg.cmake",
        "VCPKG_TARGET_TRIPLET": "x64-windows",
        "CMAKE_BUILD_TYPE": "Release",
        "CMAKE_CUDA_COMPILER": "C:/Program Files/NVIDIA GPU Computing Toolkit/CUDA/v12.8/bin/nvcc.exe",
        "CMAKE_CUDA_HOST_COMPILER": "C:/Program Files (x86)/Microsoft Visual Studio/2022/BuildTools/VC/Tools/MSVC/14.43.34808/bin/Hostx64/x64/cl.exe"
      }
    }
  ],
  "buildPresets": [
    {
      "name": "build",
      "configurePreset": "windows-msvc"
    }
  ]
}